{"neutral_horizontal_ratio": 0.8532969150719454, "neutral_vertical_ratio": 0.44596154745657934}